{
  "logistic_regression": {
    "accuracy": 0.9066666666666666,
    "precision_macro": 0.8434343434343434,
    "recall_macro": 0.7385057471264368,
    "f1_macro": 0.7576405907599746,
    "roc_auc_ovr": 0.9277058873484639
  },
  "random_forest": {
    "accuracy": 0.8933333333333333,
    "precision_macro": 0.7763845350052248,
    "recall_macro": 0.6968390804597702,
    "f1_macro": 0.6974488365573311,
    "roc_auc_ovr": 0.9200079531793093
  },
  "svm": {
    "accuracy": 0.88,
    "precision_macro": 0.7545454545454545,
    "recall_macro": 0.7155172413793104,
    "f1_macro": 0.726658707146512,
    "roc_auc_ovr": 0.9198876443394406
  }
}